num_cands,num_voters,num_profiles,pm,vm,avg_cw_rank,avg_perc_cw_rank,perc_cw_rank_first,avg_cl_rank,avg_perc_cl_rank,perc_cl_rank_last,avg_num_ranks,perc_linear_rank
3,"(4, 5)",50000,IC,Stable Voting Ranking,1.0,33.33333333333332,1.0,2.899867641134833,96.66225470449444,1.0,2.60136,0.6494
3,"(4, 5)",50000,IC,Copeland Ranking,1.0,33.33333333333332,1.0,2.8460608850779767,94.8686961692659,1.0,2.69258,0.75218
3,"(4, 5)",50000,IC,Plurality Ranking,1.0174510682802929,33.915035609343086,0.7752876139249962,2.2243770501237266,74.14590167079088,0.5503826897623295,2.3362,0.3362
3,"(4, 5)",50000,IC,Borda Ranking,1.0060959211116092,33.53653070372029,0.9275959958165247,2.7543592104505956,91.81197368168651,0.9183403349254762,2.6916,0.73964
3,"(4, 5)",50000,IC,Minimax Ranking,1.0,33.33333333333332,1.0,2.3425504977844276,78.08501659281426,0.49648961270645103,2.29844,0.34648
3,"(10, 11)",50000,IC,Stable Voting Ranking,1.0,33.33333333333332,1.0,2.9491608677855097,98.30536225951698,1.0,2.7372,0.76426
3,"(10, 11)",50000,IC,Copeland Ranking,1.0,33.33333333333332,1.0,2.8832037112839406,96.10679037613136,1.0,2.6898,0.76058
3,"(10, 11)",50000,IC,Plurality Ranking,1.0638058986225594,35.460196620751965,0.7819919489552811,2.44210669941329,81.40355664710965,0.650211488606904,2.5572,0.5572
3,"(10, 11)",50000,IC,Borda Ranking,1.0196894597036996,33.989648656789974,0.8957471862420243,2.7990448901623686,93.30149633874562,0.9341519989084459,2.7554,0.78246
3,"(10, 11)",50000,IC,Minimax Ranking,1.0,33.33333333333332,1.0,2.536471551371265,84.54905171237549,0.6532678400873243,2.51976,0.54682
3,"(20, 21)",50000,IC,Stable Voting Ranking,1.0,33.33333333333332,1.0,2.965009068923821,98.83363563079403,1.0,2.80984,0.82286
3,"(20, 21)",50000,IC,Copeland Ranking,1.0,33.33333333333332,1.0,2.9053305118903667,96.84435039634556,1.0,2.75154,0.79896
3,"(20, 21)",50000,IC,Plurality Ranking,1.1232282180577506,37.440940601925014,0.7746418805348586,2.5074566706972994,83.5818890232433,0.6625856509471987,2.69028,0.70614
3,"(20, 21)",50000,IC,Borda Ranking,1.0311582750056447,34.37194250018814,0.9243621585007903,2.8212666263603388,94.04222087867795,0.900922007255139,2.8151,0.82812
3,"(20, 21)",50000,IC,Minimax Ranking,1.0,33.33333333333332,1.0,2.5421453043127773,84.7381768104259,0.6368147924224103,2.64262,0.65564
3,"(50, 51)",50000,IC,Stable Voting Ranking,1.0,33.33333333333332,1.0,2.990944814624979,99.69816048749928,1.0,2.89476,0.8998
3,"(50, 51)",50000,IC,Copeland Ranking,1.0,33.33333333333332,1.0,2.9443264748236557,98.1442158274552,1.0,2.75918,0.83598
3,"(50, 51)",50000,IC,Plurality Ranking,1.1809173411822418,39.36391137274139,0.7580328673043905,2.6055746747699593,86.85248915899865,0.7130897464059944,2.8038,0.81082
3,"(50, 51)",50000,IC,Borda Ranking,1.0516065734608782,35.05355244869593,0.9065489330389993,2.855971296770887,95.19904322569623,0.9066656903663567,2.8851,0.89014
3,"(50, 51)",50000,IC,Minimax Ranking,1.0,33.33333333333332,1.0,2.6148739352224744,87.16246450741582,0.6705474603988186,2.75848,0.76352
3,"(500, 501)",50000,IC,Stable Voting Ranking,1.0,33.333333333333314,1.0,2.999052282419839,99.96840941399464,1.0,2.96762,0.96814
3,"(500, 501)",50000,IC,Copeland Ranking,1.0,33.333333333333314,1.0,2.9814743777782793,99.38247925927597,1.0,2.80654,0.8856
3,"(500, 501)",50000,IC,Plurality Ranking,1.232730300166509,41.0910100055503,0.7684847666621665,2.6837105399733736,89.45701799911247,0.7434167475235237,2.93528,0.93634
3,"(500, 501)",50000,IC,Borda Ranking,1.0819045047477611,36.063483491592024,0.9049997749876243,2.891666854705869,96.3888951568623,0.9057472301825484,2.96178,0.9623
3,"(500, 501)",50000,IC,Minimax Ranking,1.0,33.333333333333314,1.0,2.6966852449398653,89.88950816466217,0.7152108671615859,2.9298,0.93032
3,"(1000, 1001)",50000,IC,Stable Voting Ranking,1.0,33.33333333333332,1.0,2.9997099638570344,99.99033212856783,1.0,2.97728,0.9776
3,"(1000, 1001)",50000,IC,Copeland Ranking,1.0,33.33333333333332,1.0,2.9861898175003345,99.53966058334447,1.0,2.8203,0.89714
3,"(1000, 1001)",50000,IC,Plurality Ranking,1.244647432327058,41.48824774423526,0.7662470758605324,2.707665878363304,90.25552927877679,0.7524876176877426,2.95546,0.95546
3,"(1000, 1001)",50000,IC,Borda Ranking,1.078066169098808,35.93553896996026,0.9127770970257324,2.8877560126723485,96.25853375574495,0.8972156530275311,2.97416,0.97448
3,"(1000, 1001)",50000,IC,Minimax Ranking,1.0,33.33333333333332,1.0,2.7020882602293517,90.06960867431172,0.715898442729017,2.95082,0.95114
3,"(5000, 5001)",50000,IC,Stable Voting Ranking,1.0,33.33333333333332,1.0,2.9998258787680925,99.99419595893642,1.0,2.99048,0.99054
3,"(5000, 5001)",50000,IC,Copeland Ranking,1.0,33.33333333333332,1.0,2.99362280988138,99.787426996046,1.0,2.8469,0.91758
3,"(5000, 5001)",50000,IC,Plurality Ranking,1.269076742262656,42.30255807542187,0.7539720541505245,2.712417020350419,90.41390067834729,0.7598650560452715,2.9792,0.97932
3,"(5000, 5001)",50000,IC,Borda Ranking,1.0899534235842074,36.33178078614024,0.9049536412310103,2.8962237457830016,96.54079152610005,0.9014909130482098,2.98866,0.98872
3,"(5000, 5001)",50000,IC,Minimax Ranking,1.0,33.33333333333332,1.0,2.7174883012297313,90.58294337432437,0.7238654913483513,2.97736,0.97742
4,"(4, 5)",50000,IC,Stable Voting Ranking,1.0,25.0,1.0,3.806042686242523,95.15106715606308,1.0,3.39242,0.54194
4,"(4, 5)",50000,IC,Copeland Ranking,1.0,25.0,1.0,3.7306280587275693,93.26570146818923,1.0,3.4016,0.59458
4,"(4, 5)",50000,IC,Plurality Ranking,1.0861742424242424,27.154356060606062,0.6941287878787878,2.5148858075040783,62.87214518760196,0.3700720500271887,2.69264,0.0
4,"(4, 5)",50000,IC,Borda Ranking,1.030167748917749,25.75419372294372,0.8814935064935064,3.539525557368135,88.48813893420338,0.8817292006525286,3.42442,0.52524
4,"(4, 5)",50000,IC,Minimax Ranking,1.0,25.0,1.0,2.63876427406199,65.96910685154975,0.4033442088091354,2.5874,0.05598
4,"(10, 11)",50000,IC,Stable Voting Ranking,1.0,25.0,1.0,3.905520756570867,97.63801891427168,1.0,3.6572,0.70264
4,"(10, 11)",50000,IC,Copeland Ranking,1.0,25.0,1.0,3.7422009334315893,93.55502333578973,1.0,3.48084,0.64438
4,"(10, 11)",50000,IC,Plurality Ranking,1.1644551791610616,29.11137947902654,0.6798642533936652,2.854550478997789,71.36376197494474,0.46042127241464015,3.10196,0.32698
4,"(10, 11)",50000,IC,Borda Ranking,1.0496820349761526,26.242050874403816,0.8864803717744895,3.6439756816507,91.0993920412675,0.8835973962171456,3.61592,0.6583
4,"(10, 11)",50000,IC,Minimax Ranking,1.0,25.0,1.0,2.923391058707934,73.08477646769835,0.4886391549987718,3.00846,0.2185
4,"(20, 21)",50000,IC,Stable Voting Ranking,1.0,25.0,1.0,3.94589913103727,98.64747827593175,1.0,3.78316,0.80126
4,"(20, 21)",50000,IC,Copeland Ranking,1.0,25.0,1.0,3.763301480989636,94.0825370247409,1.0,3.5153,0.67296
4,"(20, 21)",50000,IC,Plurality Ranking,1.233814374646293,30.84535936615733,0.6490945104697227,3.0073905135829557,75.18476283957389,0.5178555962931956,3.31836,0.40938
4,"(20, 21)",50000,IC,Borda Ranking,1.0638653084323713,26.59663271080928,0.8902093944538766,3.7138196830162533,92.84549207540634,0.8818383902537602,3.72814,0.74996
4,"(20, 21)",50000,IC,Minimax Ranking,1.0,25.0,1.0,3.0967117988394586,77.41779497098646,0.541990242212535,3.26232,0.37674
4,"(50, 51)",50000,IC,Stable Voting Ranking,1.0,25.0,1.0,3.9770180129088013,99.42545032272002,1.0,3.87968,0.88538
4,"(50, 51)",50000,IC,Copeland Ranking,1.0,25.0,1.0,3.744281509087472,93.60703772718679,1.0,3.49284,0.67844
4,"(50, 51)",50000,IC,Plurality Ranking,1.34517947034362,33.6294867585905,0.6340282337491793,3.1971427799832566,79.92856949958141,0.5842717869777742,3.55946,0.60644
4,"(50, 51)",50000,IC,Borda Ranking,1.0852210549354344,27.130526373385862,0.8821131538629897,3.7683707364498096,94.20926841124523,0.8816333144292311,3.81814,0.82766
4,"(50, 51)",50000,IC,Minimax Ranking,1.0,25.0,1.0,3.2581220124767074,81.45305031191769,0.5899160117745551,3.49888,0.55226
4,"(500, 501)",50000,IC,Stable Voting Ranking,1.0,25.0,1.0,3.9979252062142603,99.94813015535651,1.0,3.9682,0.96878
4,"(500, 501)",50000,IC,Copeland Ranking,1.0,25.0,1.0,3.799605283133445,94.99013207833612,1.0,3.5054,0.7247
4,"(500, 501)",50000,IC,Plurality Ranking,1.451392001593705,36.28480003984262,0.6285671597191095,3.4097970750468094,85.24492687617024,0.6246394413238197,3.85034,0.85456
4,"(500, 501)",50000,IC,Borda Ranking,1.1135265700483092,27.83816425120773,0.8771353155037601,3.833004402611204,95.8251100652801,0.8701988765750721,3.9428,0.94368
4,"(500, 501)",50000,IC,Minimax Ranking,1.0,25.0,1.0,3.4454481048529932,86.13620262132483,0.6131521684125297,3.83406,0.8393
4,"(1000, 1001)",50000,IC,Stable Voting Ranking,1.0,25.0,1.0,3.998946285656941,99.97365714142352,1.0,3.97714,0.9776
4,"(1000, 1001)",50000,IC,Copeland Ranking,1.0,25.0,1.0,3.782157103790863,94.55392759477157,1.0,3.48132,0.7186
4,"(1000, 1001)",50000,IC,Plurality Ranking,1.4516966715773179,36.29241678943294,0.6392419286374191,3.4377681326676535,85.94420331669134,0.6266087960059209,3.89314,0.89552
4,"(1000, 1001)",50000,IC,Borda Ranking,1.1165072785837349,27.91268196459337,0.8767260106369698,3.8412403723124013,96.03100930781002,0.8698411901954389,3.95816,0.95858
4,"(1000, 1001)",50000,IC,Minimax Ranking,1.0,25.0,1.0,3.4770817130384604,86.92704282596151,0.6188313806166738,3.8824,0.88526
4,"(5000, 5001)",50000,IC,Stable Voting Ranking,1.0,25.0,1.0,3.9997800425251118,99.9945010631278,1.0,3.99104,0.99106
4,"(5000, 5001)",50000,IC,Copeland Ranking,1.0,25.0,1.0,3.774494708800743,94.36236772001857,1.0,3.47548,0.72818
4,"(5000, 5001)",50000,IC,Plurality Ranking,1.5106965726552668,37.76741431638167,0.6215856095936043,3.4174548476183495,85.43637119045873,0.6108463474839309,3.95132,0.95178
4,"(5000, 5001)",50000,IC,Borda Ranking,1.1270264268265602,28.175660670664,0.8728008488168382,3.863137571180683,96.57843927951707,0.8785834738617201,3.98094,0.98104
4,"(5000, 5001)",50000,IC,Minimax Ranking,1.0,25.0,1.0,3.52799569860938,88.1998924652345,0.6362147762543686,3.94566,0.94624
5,"(4, 5)",50000,IC,Stable Voting Ranking,1.0,20.0,1.0,4.710850549041504,94.21701098083008,1.0,4.24842,0.4733
5,"(4, 5)",50000,IC,Copeland Ranking,1.0,20.0,1.0,4.432719151312116,88.65438302624233,1.0,4.13338,0.44826
5,"(4, 5)",50000,IC,Plurality Ranking,1.1314090672998443,22.628181345996882,0.6651331898790532,2.6221849990694213,52.44369998138843,0.15000930578820026,2.81156,0.0
5,"(4, 5)",50000,IC,Borda Ranking,1.0520516435408473,21.04103287081695,0.865956815314981,4.31178112786153,86.2356225572306,0.8621998883305416,4.24478,0.4011
5,"(4, 5)",50000,IC,Minimax Ranking,1.0,20.0,1.0,2.8219244369998138,56.43848873999628,0.33634840871021776,2.7954,0.0
5,"(10, 11)",50000,IC,Stable Voting Ranking,1.0,20.0,1.0,4.867832215683591,97.35664431367182,1.0,4.60092,0.66436
5,"(10, 11)",50000,IC,Copeland Ranking,1.0,20.0,1.0,4.439817982756261,88.79635965512523,1.0,4.1737,0.4737
5,"(10, 11)",50000,IC,Plurality Ranking,1.2302231929561123,24.604463859122244,0.5949764521193093,3.107191733953743,62.14383467907486,0.3422403175037635,3.4381,0.11006
5,"(10, 11)",50000,IC,Borda Ranking,1.0705412599822537,21.410825199645075,0.8710326940140605,4.502189681127685,90.04379362255372,0.8739222663199672,4.49062,0.56076
5,"(10, 11)",50000,IC,Minimax Ranking,1.0,20.0,1.0,3.2732311482140415,65.46462296428082,0.45230600793759407,3.38608,0.05342
5,"(20, 21)",50000,IC,Stable Voting Ranking,1.0,20.0,1.0,4.9296636085626915,98.59327217125383,1.0,4.76154,0.78562
5,"(20, 21)",50000,IC,Copeland Ranking,1.0,20.0,1.0,4.4499597617897955,88.99919523579591,1.0,4.19188,0.4948
5,"(20, 21)",50000,IC,Plurality Ranking,1.3385783698555203,26.771567397110402,0.5716768027801912,3.388121680347658,67.76243360695317,0.4184451955577016,3.80914,0.2047
5,"(20, 21)",50000,IC,Borda Ranking,1.0831804871770119,21.66360974354024,0.8729285323551179,4.600289715113472,92.00579430226944,0.8743924030259134,4.62864,0.66508
5,"(20, 21)",50000,IC,Minimax Ranking,1.0,20.0,1.0,3.568356671495252,71.36713342990504,0.49612103653629486,3.77992,0.16144
5,"(50, 51)",50000,IC,Stable Voting Ranking,1.0,20.0,1.0,4.9720638018847785,99.44127603769557,1.0,4.87602,0.88212
5,"(50, 51)",50000,IC,Copeland Ranking,1.0,20.0,1.0,4.451126902314801,89.02253804629602,1.0,4.1811,0.50296
5,"(50, 51)",50000,IC,Plurality Ranking,1.4547160673204989,29.094321346409977,0.5622654074343141,3.682789960047577,73.65579920095153,0.4679313184299613,4.19458,0.3701
5,"(50, 51)",50000,IC,Borda Ranking,1.1042499091899747,22.08499818379949,0.8685676231989345,4.689713013510628,93.79426027021258,0.870474854371893,4.75434,0.76994
5,"(50, 51)",50000,IC,Minimax Ranking,1.0,20.0,1.0,3.853975418585501,77.07950837171002,0.5397541858550123,4.16344,0.34224
5,"(500, 501)",50000,IC,Stable Voting Ranking,1.0,20.0,1.0,4.997721652635381,99.95443305270763,1.0,4.97294,0.9732
5,"(500, 501)",50000,IC,Copeland Ranking,1.0,20.0,1.0,4.435469978605763,88.70939957211525,1.0,4.12574,0.5249
5,"(500, 501)",50000,IC,Plurality Ranking,1.6248504909460098,32.4970098189202,0.561124864398765,4.072740407324053,81.45480814648107,0.5292989914145203,4.7287,0.749
5,"(500, 501)",50000,IC,Borda Ranking,1.1386331395510556,22.772662791021112,0.85524742009958,4.794726459392626,95.89452918785251,0.8592981578728015,4.92034,0.92204
5,"(500, 501)",50000,IC,Minimax Ranking,1.0,20.0,1.0,4.223416965352449,84.46833930704898,0.5684754521963824,4.72028,0.74016
5,"(1000, 1001)",50000,IC,Stable Voting Ranking,1.0,20.0,1.0,4.9984372819868845,99.96874563973769,1.0,4.979,0.97928
5,"(1000, 1001)",50000,IC,Copeland Ranking,1.0,20.0,1.0,4.437086647132691,88.74173294265383,1.0,4.10246,0.52184
5,"(1000, 1001)",50000,IC,Plurality Ranking,1.6303959552661227,32.60791910532245,0.571648393921908,4.124905818334031,82.49811636668062,0.5307381052044091,4.80586,0.81588
5,"(1000, 1001)",50000,IC,Borda Ranking,1.1354381337070316,22.708762674140633,0.8640123100596269,4.807506627598716,96.15013255197432,0.853495186270406,4.94382,0.94468
5,"(1000, 1001)",50000,IC,Minimax Ranking,1.0,20.0,1.0,4.260694851402261,85.21389702804521,0.5665689967908469,4.79592,0.80742
5,"(5000, 5001)",50000,IC,Stable Voting Ranking,1.0,20.0,1.0,4.999701533034866,99.99403066069733,1.0,4.99196,0.99196
5,"(5000, 5001)",50000,IC,Copeland Ranking,1.0,20.0,1.0,4.441731108397775,88.8346221679555,1.0,4.09378,0.53398
5,"(5000, 5001)",50000,IC,Plurality Ranking,1.6852841312873423,33.705682625746846,0.5577343194799042,4.230145163478497,84.60290326956994,0.5499660832994167,4.9146,0.9167
5,"(5000, 5001)",50000,IC,Borda Ranking,1.1386834416866265,22.77366883373253,0.8641855078567104,4.83003663003663,96.6007326007326,0.8578211911545245,4.97542,0.97556
5,"(5000, 5001)",50000,IC,Minimax Ranking,1.0,20.0,1.0,4.375308641975309,87.50617283950618,0.602306335639669,4.90988,0.91158
6,"(4, 5)",50000,IC,Stable Voting Ranking,1.0,16.666666666666664,1.0,5.646599414253172,94.10999023755288,1.0,5.11018,0.42764
6,"(4, 5)",50000,IC,Copeland Ranking,1.0,16.666666666666664,1.0,5.108647901073869,85.14413168456448,1.0,4.82652,0.3187
6,"(4, 5)",50000,IC,Plurality Ranking,1.1683277061383883,19.472128435639803,0.617459219786031,2.6446876016921577,44.07812669486928,0.02546371623820371,2.77732,0.0
6,"(4, 5)",50000,IC,Borda Ranking,1.0705365496481307,17.842275827468846,0.8543709067241589,5.129555808656036,85.49259681093395,0.854498861047836,5.06246,0.31324
6,"(4, 5)",50000,IC,Minimax Ranking,1.0,16.666666666666664,1.0,2.9525301008786204,49.20883501464366,0.2874633908232997,2.93636,0.0
6,"(10, 11)",50000,IC,Stable Voting Ranking,1.0,16.66666666666666,1.0,5.834085650343284,97.23476083905476,1.0,5.55838,0.63756
6,"(10, 11)",50000,IC,Copeland Ranking,1.0,16.66666666666666,1.0,5.075219057011721,84.58698428352868,1.0,4.8457,0.32298
6,"(10, 11)",50000,IC,Plurality Ranking,1.3056144870434914,21.760241450724855,0.5347401121382027,3.2464438796798545,54.10739799466424,0.25141296514053785,3.64754,0.0
6,"(10, 11)",50000,IC,Borda Ranking,1.0886119108955903,18.14353184825983,0.8635020457645097,5.356560330766604,89.27600551277675,0.8702727307210864,5.35312,0.47352
6,"(10, 11)",50000,IC,Minimax Ranking,1.0,16.66666666666666,1.0,3.5610894056063422,59.351490093439025,0.4181997496491295,3.68134,0.00542
6,"(20, 21)",50000,IC,Stable Voting Ranking,1.0,16.66666666666666,1.0,5.920593211187502,98.67655351979171,1.0,5.7456,0.77366
6,"(20, 21)",50000,IC,Copeland Ranking,1.0,16.66666666666666,1.0,5.079406788812498,84.65677981354163,1.0,4.84836,0.32802
6,"(20, 21)",50000,IC,Plurality Ranking,1.4248312024134464,23.747186706890773,0.5150481252693578,3.63986177603398,60.66436293389966,0.32766999028112737,4.16382,0.05858
6,"(20, 21)",50000,IC,Borda Ranking,1.100488435569602,18.341473926160027,0.864279557534837,5.49224289982362,91.537381663727,0.864547712465354,5.5278,0.5935
6,"(20, 21)",50000,IC,Minimax Ranking,1.0,16.66666666666666,1.0,3.9525934991540983,65.87655831923497,0.45678701270652605,4.17652,0.04462
6,"(50, 51)",50000,IC,Stable Voting Ranking,1.0,16.66666666666666,1.0,5.969511168008625,99.49185280014373,1.0,5.87288,0.88134
6,"(50, 51)",50000,IC,Copeland Ranking,1.0,16.66666666666666,1.0,5.093925816123707,84.89876360206178,1.0,4.84404,0.33934
6,"(50, 51)",50000,IC,Plurality Ranking,1.5791374055916259,26.31895675986043,0.507850801643037,4.089209311727251,68.15348852878753,0.3969949129131152,4.74432,0.18536
6,"(50, 51)",50000,IC,Borda Ranking,1.1139856896780178,18.566428161300294,0.8647807075659202,5.617457804130311,93.62429673550517,0.8635582656739548,5.69056,0.7192
6,"(50, 51)",50000,IC,Minimax Ranking,1.0,16.66666666666666,1.0,4.4041033588249165,73.40172264708194,0.5181080079506788,4.74264,0.17594
6,"(500, 501)",50000,IC,Stable Voting Ranking,1.0,16.66666666666666,1.0,5.997046062955783,99.95076771592973,1.0,5.97348,0.97404
6,"(500, 501)",50000,IC,Copeland Ranking,1.0,16.66666666666666,1.0,5.040339702760085,84.00566171266807,1.0,4.73734,0.33662
6,"(500, 501)",50000,IC,Plurality Ranking,1.8141685355288624,30.236142258814372,0.4959601855549753,4.693929043970583,78.23215073284307,0.4627527000830795,5.55584,0.61352
6,"(500, 501)",50000,IC,Borda Ranking,1.1543424165156217,19.239040275260358,0.8482688703880065,5.767192836702668,96.11988061171112,0.8555647866088187,5.89992,0.90258
6,"(500, 501)",50000,IC,Minimax Ranking,1.0,16.66666666666666,1.0,4.981199421520662,83.01999035867772,0.5384781070186775,5.54942,0.60786
6,"(1000, 1001)",50000,IC,Stable Voting Ranking,1.0,16.66666666666666,1.0,5.998428980685704,99.97381634476173,1.0,5.98398,0.98418
6,"(1000, 1001)",50000,IC,Copeland Ranking,1.0,16.66666666666666,1.0,4.969010873917999,82.81684789863331,1.0,4.66518,0.31388
6,"(1000, 1001)",50000,IC,Plurality Ranking,1.8963525182066805,31.60587530344467,0.4859416771655963,4.702522872192958,78.37538120321597,0.4626497859101131,5.67146,0.705
6,"(1000, 1001)",50000,IC,Borda Ranking,1.1487570291614173,19.145950486023615,0.8560980856098086,5.8005421556849335,96.6757025947489,0.8688660937066814,5.9285,0.93038
6,"(1000, 1001)",50000,IC,Minimax Ranking,1.0,16.66666666666666,1.0,5.111449958414195,85.19083264023658,0.5666142993561901,5.67428,0.70502
6,"(5000, 5001)",50000,IC,Stable Voting Ranking,1.0,16.66666666666666,1.0,5.999939749962344,99.99899583270575,1.0,5.9928,0.99284
6,"(5000, 5001)",50000,IC,Copeland Ranking,1.0,16.66666666666666,1.0,5.023859014911884,83.73098358186473,1.0,4.66744,0.33984
6,"(5000, 5001)",50000,IC,Plurality Ranking,1.908916083916084,31.815268065268064,0.5033508158508159,4.92691670432294,82.11527840538233,0.4869106793191746,5.85594,0.86198
6,"(5000, 5001)",50000,IC,Borda Ranking,1.160635198135198,19.343919968919966,0.8496794871794872,5.802801626751017,96.71336044585028,0.8402169001355626,5.96896,0.96942
6,"(5000, 5001)",50000,IC,Minimax Ranking,1.0,16.66666666666666,1.0,5.207169754481097,86.78616257468494,0.5536978460611538,5.85932,0.8652
7,"(4, 5)",50000,IC,Stable Voting Ranking,1.0,14.285714285714278,1.0,6.575899153737659,93.94141648196656,1.0,5.98644,0.38904
7,"(4, 5)",50000,IC,Copeland Ranking,1.0,14.285714285714278,1.0,5.727256699576869,81.81795285109811,1.0,5.4973,0.20612
7,"(4, 5)",50000,IC,Plurality Ranking,1.1984032464381809,17.120046377688297,0.5824180671342244,2.641175952045134,37.731085029216196,0.0,2.72142,0.0
7,"(4, 5)",50000,IC,Borda Ranking,1.0906003264081867,15.580004662974089,0.8402805346036787,5.920883286318759,84.58404694741084,0.8460419605077574,5.86938,0.2443
7,"(4, 5)",50000,IC,Minimax Ranking,1.0,14.285714285714278,1.0,3.036935825105783,43.38479750151117,0.24947108603667137,3.03402,0.0
7,"(10, 11)",50000,IC,Stable Voting Ranking,1.0,14.28571428571428,1.0,6.823116970358552,97.47309957655074,1.0,6.52814,0.62048
7,"(10, 11)",50000,IC,Copeland Ranking,1.0,14.28571428571428,1.0,5.695230497942732,81.36043568489617,1.0,5.50708,0.20274
7,"(10, 11)",50000,IC,Plurality Ranking,1.3600385291900494,19.42912184557213,0.5000418795544015,3.3085901419094803,47.26557345584972,0.17427995633554455,3.74236,0.0
7,"(10, 11)",50000,IC,Borda Ranking,1.0989613870508417,15.699448386440592,0.857148839936343,6.2100092367117306,88.71441766731044,0.8596019816945167,6.22438,0.40646
7,"(10, 11)",50000,IC,Minimax Ranking,1.0,14.28571428571428,1.0,3.780292215971114,54.00417451387306,0.39696867915022255,3.90894,0.0003
7,"(20, 21)",50000,IC,Stable Voting Ranking,1.0,14.28571428571428,1.0,6.909614163226421,98.70877376037744,1.0,6.73324,0.76412
7,"(20, 21)",50000,IC,Copeland Ranking,1.0,14.28571428571428,1.0,5.709114004445856,81.55877149208365,1.0,5.5093,0.20646
7,"(20, 21)",50000,IC,Plurality Ranking,1.5179856115107915,21.685508735868442,0.4630263002712584,3.8277230866941885,54.681758381345546,0.2664734836456018,4.42588,0.00916
7,"(20, 21)",50000,IC,Borda Ranking,1.109486181546566,15.849802593522368,0.8611078350434407,6.386471895839949,91.23531279771358,0.8617021276595744,6.42904,0.53188
7,"(20, 21)",50000,IC,Minimax Ranking,1.0,14.28571428571428,1.0,4.306367100666878,61.51953000952683,0.4485550968561448,4.53838,0.00874
7,"(50, 51)",50000,IC,Stable Voting Ranking,1.0,14.28571428571428,1.0,6.966809897762632,99.52585568232332,1.0,6.87484,0.88292
7,"(50, 51)",50000,IC,Copeland Ranking,1.0,14.28571428571428,1.0,5.7107349236923985,81.58192748131998,1.0,5.4876,0.20612
7,"(50, 51)",50000,IC,Plurality Ranking,1.6527462051770918,23.61066007395845,0.46073183251448263,4.391872870054823,62.74104100078318,0.3292710031115721,5.17468,0.06496
7,"(50, 51)",50000,IC,Borda Ranking,1.120151059617218,16.00215799453168,0.8651096282173498,6.54200622314417,93.45723175920243,0.8553859831086087,6.62862,0.67146
7,"(50, 51)",50000,IC,Minimax Ranking,1.0,14.28571428571428,1.0,4.893243443473107,69.90347776390153,0.4862572232923396,5.26722,0.07852
7,"(500, 501)",50000,IC,Stable Voting Ranking,1.0,14.28571428571428,1.0,6.996786147640442,99.95408782343488,1.0,6.97414,0.9747
7,"(500, 501)",50000,IC,Copeland Ranking,1.0,14.28571428571428,1.0,5.646738595743285,80.66769422490408,1.0,5.37718,0.20526
7,"(500, 501)",50000,IC,Plurality Ranking,1.9583415209274906,27.97630744182129,0.4579485164079387,5.277899845866265,75.39856922666091,0.40658511789591056,6.34106,0.47618
7,"(500, 501)",50000,IC,Borda Ranking,1.152551254339425,16.465017919134638,0.8517390449990175,6.744105204473158,96.34436006390226,0.8514741088118585,6.8828,0.8877
7,"(500, 501)",50000,IC,Minimax Ranking,1.0,14.28571428571428,1.0,5.753123667727019,82.18748096752886,0.5326140425671465,6.37226,0.4931
7,"(1000, 1001)",50000,IC,Stable Voting Ranking,1.0,14.28571428571428,1.0,6.998544301750073,99.97920431071535,1.0,6.98386,0.98396
7,"(1000, 1001)",50000,IC,Copeland Ranking,1.0,14.28571428571428,1.0,5.623459386018827,80.33513408598324,1.0,5.32188,0.19988
7,"(1000, 1001)",50000,IC,Plurality Ranking,2.0253917156653416,28.934167366647735,0.45452156489176493,5.428816355578559,77.55451936540798,0.40209620547989516,6.52388,0.59624
7,"(1000, 1001)",50000,IC,Borda Ranking,1.1633873139966495,16.619818771380704,0.8460072923167887,6.772878724161356,96.75541034516223,0.8539772911073011,6.91684,0.91904
7,"(1000, 1001)",50000,IC,Minimax Ranking,1.0,14.28571428571428,1.0,5.941739721152913,84.88199601647018,0.5570471969721477,6.5449,0.61198
7,"(5000, 5001)",50000,IC,Stable Voting Ranking,1.0,14.28571428571428,1.0,6.999839615076183,99.99770878680262,1.0,6.9936,0.99362
7,"(5000, 5001)",50000,IC,Copeland Ranking,1.0,14.28571428571428,1.0,5.528051323175622,78.97216175965173,1.0,5.21372,0.17804
7,"(5000, 5001)",50000,IC,Plurality Ranking,2.190017369645725,31.28596242351035,0.42309835152230196,5.6102967121090614,80.1470958872723,0.44192461908580594,6.78138,0.79616
7,"(5000, 5001)",50000,IC,Borda Ranking,1.1672729656212106,16.675328080303004,0.8444269655556648,6.804426623897354,97.20609462710505,0.8473777064955894,6.96114,0.96162
7,"(5000, 5001)",50000,IC,Minimax Ranking,1.0,14.28571428571428,1.0,6.129526864474739,87.56466949249628,0.5635926222935044,6.79332,0.80716
8,"(4, 5)",50000,IC,Stable Voting Ranking,1.0,12.5,1.0,7.50363196125908,93.7953995157385,1.0,6.8627,0.35066
8,"(4, 5)",50000,IC,Copeland Ranking,1.0,12.5,1.0,6.346009590276789,79.32511987845986,1.0,6.16134,0.12722
8,"(4, 5)",50000,IC,Plurality Ranking,1.2148400530001893,15.185500662502367,0.5440090857467348,2.6211840668470776,32.764800835588474,0.0,2.669,0.0
8,"(4, 5)",50000,IC,Borda Ranking,1.1034923339011926,13.793654173764907,0.8338538709066818,6.722499169159189,84.03123961448986,0.8372501542990077,6.6792,0.18692
8,"(4, 5)",50000,IC,Minimax Ranking,1.0,12.5,1.0,3.090965199639178,38.63706499548972,0.2132174903859849,3.10052,0.0
8,"(10, 11)",50000,IC,Stable Voting Ranking,1.0,12.5,1.0,7.801383488561353,97.51729360701691,1.0,7.49508,0.60128
8,"(10, 11)",50000,IC,Copeland Ranking,1.0,12.5,1.0,6.30549778460982,78.81872230762275,1.0,6.16954,0.12226
8,"(10, 11)",50000,IC,Plurality Ranking,1.4082999865113979,17.603749831392474,0.4510588552672991,3.3031919703408987,41.289899629261235,0.08933899990957592,3.7338,0.0
8,"(10, 11)",50000,IC,Borda Ranking,1.108358437120633,13.854480464007914,0.8544130209972574,7.076815263586219,88.46019079482774,0.8537390360792115,7.08862,0.34712
8,"(10, 11)",50000,IC,Minimax Ranking,1.0,12.5,1.0,3.9620218826295326,49.52527353286916,0.3726828827199566,4.09348,0.0
8,"(20, 21)",50000,IC,Stable Voting Ranking,1.0,12.5,1.0,7.909571269009365,98.86964086261706,1.0,7.73254,0.76366
8,"(20, 21)",50000,IC,Copeland Ranking,1.0,12.5,1.0,6.326703325027923,79.08379156284904,1.0,6.17578,0.1244
8,"(20, 21)",50000,IC,Plurality Ranking,1.5654782458563536,19.56847807320442,0.42105490331491713,3.9202680642666894,49.00335080333362,0.20590256894922243,4.57432,0.0
8,"(20, 21)",50000,IC,Borda Ranking,1.1150725138121547,13.938406422651934,0.8617058011049724,7.277558209468167,90.96947761835209,0.8621874731506143,7.32688,0.47404
8,"(20, 21)",50000,IC,Minimax Ranking,1.0,12.5,1.0,4.599707878683736,57.4963484835467,0.4451842941833491,4.82906,0.00114
8,"(50, 51)",50000,IC,Stable Voting Ranking,1.0,12.5,1.0,7.969079636041549,99.61349545051937,1.0,7.88112,0.88876
8,"(50, 51)",50000,IC,Copeland Ranking,1.0,12.5,1.0,6.360173927047266,79.50217408809083,1.0,6.17018,0.1274
8,"(50, 51)",50000,IC,Plurality Ranking,1.7916237827567096,22.39529728445887,0.4152086137281292,4.664626781544408,58.307834769305096,0.295837023914969,5.53834,0.01568
8,"(50, 51)",50000,IC,Borda Ranking,1.1305914021059298,14.132392526324123,0.8580476605177737,7.481439729446816,93.51799661808519,0.8607778404058298,7.5652,0.62964
8,"(50, 51)",50000,IC,Minimax Ranking,1.0,12.5,1.0,5.366333843304614,67.07917304130767,0.48462033980191643,5.71902,0.02586
8,"(500, 501)",50000,IC,Stable Voting Ranking,1.0,12.5,1.0,7.997824381196947,99.97280476496184,1.0,7.97652,0.97678
8,"(500, 501)",50000,IC,Copeland Ranking,1.0,12.5,1.0,6.25832798345103,78.22909979313789,1.0,6.00634,0.1094
8,"(500, 501)",50000,IC,Plurality Ranking,2.1631931659179617,27.03991457397452,0.42179100081007437,5.821135601683429,72.76419502104287,0.36493330480062774,7.07068,0.33876
8,"(500, 501)",50000,IC,Borda Ranking,1.1595846527726636,14.494808159658296,0.8473746225789822,7.720379484984663,96.50474356230829,0.856409158998502,7.85822,0.86468
8,"(500, 501)",50000,IC,Minimax Ranking,1.0,12.5,1.0,6.573222055781439,82.16527569726799,0.5503602254083744,7.15446,0.38098
8,"(1000, 1001)",50000,IC,Stable Voting Ranking,1.0,12.5,1.0,7.998903237219175,99.98629046523969,1.0,7.9844,0.98456
8,"(1000, 1001)",50000,IC,Copeland Ranking,1.0,12.5,1.0,6.186237396072881,77.32796745091102,1.0,5.93338,0.09836
8,"(1000, 1001)",50000,IC,Plurality Ranking,2.2074832333215673,27.59354041651959,0.4217437345570067,5.982274898284097,74.77843622855121,0.372262515478507,7.32102,0.46866
8,"(1000, 1001)",50000,IC,Borda Ranking,1.16456053653371,14.557006706671373,0.8450052947405577,7.741057845391827,96.76322306739785,0.8478683884663011,7.89476,0.8985
8,"(1000, 1001)",50000,IC,Minimax Ranking,1.0,12.5,1.0,6.71664602865735,83.95807535821687,0.5326375375906598,7.38744,0.50694
8,"(5000, 5001)",50000,IC,Stable Voting Ranking,1.0,12.5,1.0,7.9995521719659655,99.99440214957457,1.0,7.99412,0.99414
8,"(5000, 5001)",50000,IC,Copeland Ranking,1.0,12.5,1.0,6.136070825725998,76.70088532157497,1.0,5.83918,0.0949
8,"(5000, 5001)",50000,IC,Plurality Ranking,2.438089742719435,30.47612178399294,0.3918267598941009,6.285783182334907,78.57228977918633,0.39939370973853733,7.69036,0.72318
8,"(5000, 5001)",50000,IC,Borda Ranking,1.1759894100875705,14.69986762609463,0.8377910528816781,7.774019084363912,97.1752385545489,0.8347514554411106,7.95472,0.9555
8,"(5000, 5001)",50000,IC,Minimax Ranking,1.0,12.5,1.0,6.956698473939853,86.95873092424817,0.5319508078128767,7.72,0.74626
9,"(4, 5)",50000,IC,Stable Voting Ranking,1.0,11.111111111111112,1.0,8.44355735219808,93.817303913312,1.0,7.74816,0.32088
9,"(4, 5)",50000,IC,Copeland Ranking,1.0,11.111111111111112,1.0,6.933855482566953,77.04283869518838,1.0,6.82374,0.07306
9,"(4, 5)",50000,IC,Plurality Ranking,1.2416758877376521,13.79639875264058,0.5229856151292627,2.6,28.888888888888882,0.0,2.62576,0.0
9,"(4, 5)",50000,IC,Borda Ranking,1.1120108640981792,12.35567626775755,0.8323609294839553,7.52966144517433,83.66290494638146,0.8326932794340576,7.48534,0.1464
9,"(4, 5)",50000,IC,Minimax Ranking,1.0,11.111111111111112,1.0,3.132592218292067,34.80658020324518,0.18448711470439616,3.14292,0.0
9,"(10, 11)",50000,IC,Stable Voting Ranking,1.0,11.111111111111112,1.0,8.787898089171975,97.64331210191084,1.0,8.47676,0.59024
9,"(10, 11)",50000,IC,Copeland Ranking,1.0,11.111111111111112,1.0,6.920235178833905,76.89150198704341,1.0,6.84342,0.0727
9,"(10, 11)",50000,IC,Plurality Ranking,1.4577842850170815,16.19760316685646,0.4149341142020498,3.294904458598726,36.610049539985845,0.03395394414502695,3.68028,0.0
9,"(10, 11)",50000,IC,Borda Ranking,1.1153245485602734,12.392494984003038,0.8548560273304051,7.935472807447329,88.17192008274813,0.852719255267026,7.96138,0.29774
9,"(10, 11)",50000,IC,Minimax Ranking,1.0,11.111111111111112,1.0,4.092454679078883,45.47171865643203,0.3541891229789319,4.2372,0.0
9,"(20, 21)",50000,IC,Stable Voting Ranking,1.0,11.111111111111112,1.0,8.906361819787165,98.95957577541294,1.0,8.72762,0.76216
9,"(20, 21)",50000,IC,Copeland Ranking,1.0,11.111111111111112,1.0,6.9449788558947905,77.16643173216434,1.0,6.83672,0.07394
9,"(20, 21)",50000,IC,Plurality Ranking,1.637606119973878,18.195623555265314,0.38879559660416085,3.9815047167619313,44.23894129735479,0.16673637250801618,4.67296,0.0
9,"(20, 21)",50000,IC,Borda Ranking,1.1175016326149827,12.416684806833144,0.8638399104394067,8.168362842139505,90.75958713488339,0.8563594962591199,8.22402,0.41998
9,"(20, 21)",50000,IC,Minimax Ranking,1.0,11.111111111111112,1.0,4.845531855569496,53.83924283966107,0.424508573818486,5.08614,4e-05
9,"(50, 51)",50000,IC,Stable Voting Ranking,1.0,11.111111111111112,1.0,8.968107445970777,99.64563828856419,1.0,8.87902,0.8865
9,"(50, 51)",50000,IC,Copeland Ranking,1.0,11.111111111111112,1.0,7.001618689299152,77.79576321443501,1.0,6.83822,0.07612
9,"(50, 51)",50000,IC,Plurality Ranking,1.8988880716479903,21.098756351644333,0.37744991995846494,4.810088371686062,53.44542635206735,0.24205967276227142,5.81622,0.00134
9,"(50, 51)",50000,IC,Borda Ranking,1.1357677497512222,12.61964166390247,0.8564444252152469,8.410753346749496,93.4528149638833,0.8577740834718698,8.50112,0.5866
9,"(50, 51)",50000,IC,Minimax Ranking,1.0,11.111111111111112,1.0,5.766252515530668,64.0694723947852,0.4673199755009187,6.13722,0.00774
9,"(500, 501)",50000,IC,Stable Voting Ranking,1.0,11.111111111111112,1.0,8.998070106341078,99.97855673712311,1.0,8.97988,0.9802
9,"(500, 501)",50000,IC,Copeland Ranking,1.0,11.111111111111112,1.0,6.891177628987791,76.56864032208658,1.0,6.6454,0.05336
9,"(500, 501)",50000,IC,Plurality Ranking,2.441691405952653,27.12990451058503,0.3536195478419731,6.323001181567546,70.25556868408385,0.3408034659314691,7.7634,0.22622
9,"(500, 501)",50000,IC,Borda Ranking,1.164687523787775,12.940972486530836,0.8468828499657456,8.69157148483655,96.57301649818389,0.8496258369436787,8.83702,0.84702
9,"(500, 501)",50000,IC,Minimax Ranking,1.0,11.111111111111112,1.0,7.282355257975581,80.91505842195092,0.531114612051989,7.91884,0.2825
9,"(1000, 1001)",50000,IC,Stable Voting Ranking,1.0,11.111111111111112,1.0,8.999069298483732,99.98965887204147,1.0,8.98604,0.9863
9,"(1000, 1001)",50000,IC,Copeland Ranking,1.0,11.111111111111112,1.0,6.837747702330632,75.97497447034037,1.0,6.57442,0.04964
9,"(1000, 1001)",50000,IC,Plurality Ranking,2.5860233582232435,28.73359286914714,0.3385410683515221,6.6326831349129405,73.69647927681045,0.3556830961337108,8.0897,0.3548
9,"(1000, 1001)",50000,IC,Borda Ranking,1.1727359754930118,13.030399727700132,0.8416235879762588,8.727265676503665,96.9696186278185,0.8451933144607748,8.88488,0.88954
9,"(1000, 1001)",50000,IC,Minimax Ranking,1.0,11.111111111111112,1.0,7.552875479892969,83.92083866547745,0.5505487261022997,8.22298,0.41682
9,"(5000, 5001)",50000,IC,Stable Voting Ranking,1.0,11.111111111111112,1.0,8.999892411418735,99.99880457131928,1.0,8.99472,0.99472
9,"(5000, 5001)",50000,IC,Copeland Ranking,1.0,11.111111111111112,1.0,6.742755702194807,74.91950780216453,1.0,6.4528,0.04606
9,"(5000, 5001)",50000,IC,Plurality Ranking,2.531873571972582,28.131928577473126,0.37882711348057885,7.028224071151915,78.09137856835461,0.37742074307846796,8.57484,0.63702
9,"(5000, 5001)",50000,IC,Borda Ranking,1.1884615384615385,13.205128205128208,0.8287509520182788,8.773526036436666,97.48362262707407,0.8388681681250897,8.94852,0.9495
9,"(5000, 5001)",50000,IC,Minimax Ranking,1.0,11.111111111111112,1.0,7.870391622435806,87.44879580484229,0.5380863577678956,8.638,0.68402
10,"(4, 5)",50000,IC,Stable Voting Ranking,1.0,10.0,1.0,9.387096774193548,93.87096774193549,1.0,8.6582,0.29766
10,"(4, 5)",50000,IC,Copeland Ranking,1.0,10.0,1.0,7.550369735290966,75.50369735290965,1.0,7.4955,0.04048
10,"(4, 5)",50000,IC,Plurality Ranking,1.2647345612134344,12.647345612134345,0.49409534127843985,2.5768406387311114,25.768406387311114,0.0,2.58908,0.0
10,"(4, 5)",50000,IC,Borda Ranking,1.1250812567713977,11.250812567713977,0.8299024918743229,8.327456864216053,83.27456864216055,0.8301361054549352,8.29278,0.11298
10,"(4, 5)",50000,IC,Minimax Ranking,1.0,10.0,1.0,3.165523523738077,31.655235237380772,0.15587825527810525,3.16982,0.0
10,"(10, 11)",50000,IC,Stable Voting Ranking,1.0,10.0,1.0,9.772248551869405,97.72248551869404,1.0,9.4616,0.58032
10,"(10, 11)",50000,IC,Copeland Ranking,1.0,10.0,1.0,7.54797261716693,75.4797261716693,1.0,7.50558,0.04336
10,"(10, 11)",50000,IC,Plurality Ranking,1.4869213147940972,14.869213147940973,0.38602098982472965,3.2613480779357555,32.61348077935756,0.007635597682991048,3.60578,0.0
10,"(10, 11)",50000,IC,Borda Ranking,1.1192797400245058,11.192797400245059,0.8530179532257205,8.790679304897314,87.90679304897314,0.84971037388099,8.81672,0.24744
10,"(10, 11)",50000,IC,Minimax Ranking,1.0,10.0,1.0,4.225539757767246,42.25539757767246,0.34233807266982624,4.36052,0.0
10,"(20, 21)",50000,IC,Stable Voting Ranking,1.0,10.0,1.0,9.90815252793506,99.0815252793506,1.0,9.72914,0.76316
10,"(20, 21)",50000,IC,Copeland Ranking,1.0,10.0,1.0,7.582903241970236,75.82903241970236,1.0,7.51048,0.04592
10,"(20, 21)",50000,IC,Plurality Ranking,1.693216804052041,16.93216804052041,0.36716655079948357,3.976349150673949,39.76349150673949,0.13544119857694042,4.72274,0.0
10,"(20, 21)",50000,IC,Borda Ranking,1.1277187406892442,11.277187406892443,0.8578806236964942,9.070100716540562,90.70100716540563,0.8587964122864158,9.13236,0.376
10,"(20, 21)",50000,IC,Minimax Ranking,1.0,10.0,1.0,5.0743598737285165,50.74359873728516,0.4128877085734329,5.3059,0.0
10,"(50, 51)",50000,IC,Stable Voting Ranking,1.0,10.0,1.0,9.968327269334827,99.68327269334826,1.0,9.8836,0.89062
10,"(50, 51)",50000,IC,Copeland Ranking,1.0,10.0,1.0,7.642877134061013,76.42877134061013,1.0,7.50948,0.04564
10,"(50, 51)",50000,IC,Plurality Ranking,1.9687135185617557,19.687135185617556,0.34840065374737333,4.947802966694654,49.47802966694654,0.21382591659669745,6.0208,6e-05
10,"(50, 51)",50000,IC,Borda Ranking,1.135279010039692,11.352790100396918,0.8603315433107634,9.338464408993376,93.38464408993376,0.8565631122306185,9.43142,0.54208
10,"(50, 51)",50000,IC,Minimax Ranking,1.0,10.0,1.0,6.153279223808191,61.53279223808191,0.47303852971359267,6.50638,0.0016
10,"(500, 501)",50000,IC,Stable Voting Ranking,1.0,10.0,1.0,9.99803651251201,99.9803651251201,1.0,9.9807,0.98104
10,"(500, 501)",50000,IC,Copeland Ranking,1.0,10.0,1.0,7.556377156703012,75.56377156703012,1.0,7.3298,0.03082
10,"(500, 501)",50000,IC,Plurality Ranking,2.5661832509011653,25.661832509011653,0.34453851957414705,6.78063249362911,67.80632493629109,0.3173329991226971,8.3914,0.13286
10,"(500, 501)",50000,IC,Borda Ranking,1.1623773996143851,11.623773996143852,0.8495682789839886,9.662363704724903,96.62363704724903,0.8447173831307181,9.81432,0.82692
10,"(500, 501)",50000,IC,Minimax Ranking,1.0,10.0,1.0,7.965242093829636,79.65242093829636,0.517901157204328,8.62656,0.18906
10,"(1000, 1001)",50000,IC,Stable Voting Ranking,1.0,10.0,1.0,9.999216494845362,99.9921649484536,1.0,9.98824,0.98836
10,"(1000, 1001)",50000,IC,Copeland Ranking,1.0,10.0,1.0,7.479381443298969,74.79381443298969,1.0,7.23138,0.0251
10,"(1000, 1001)",50000,IC,Plurality Ranking,2.6999049547501963,26.99904954750196,0.3393115417992479,7.168577319587629,71.6857731958763,0.33855670103092783,8.8386,0.25864
10,"(1000, 1001)",50000,IC,Borda Ranking,1.162486053142692,11.624860531426918,0.8479689243357164,9.718845360824742,97.18845360824743,0.8561237113402062,9.86518,0.87216
10,"(1000, 1001)",50000,IC,Minimax Ranking,1.0,10.0,1.0,8.308164948453609,83.08164948453609,0.530639175257732,8.99766,0.31696
10,"(5000, 5001)",50000,IC,Stable Voting Ranking,1.0,10.0,1.0,9.999452033347685,99.99452033347684,1.0,9.99474,0.99474
10,"(5000, 5001)",50000,IC,Copeland Ranking,1.0,10.0,1.0,7.356178324004853,73.56178324004854,1.0,7.06586,0.01888
10,"(5000, 5001)",50000,IC,Plurality Ranking,2.8839049055988255,28.839049055988255,0.3282632630591689,7.725116442913617,77.25116442913617,0.36157970957767427,9.45802,0.56204
10,"(5000, 5001)",50000,IC,Borda Ranking,1.166455980100314,11.66455980100314,0.8532805937283366,9.757250773024385,97.57250773024384,0.8344357900504912,9.94014,0.94168
10,"(5000, 5001)",50000,IC,Minimax Ranking,1.0,10.0,1.0,8.71529218364711,87.1529218364711,0.5361462288152178,9.53956,0.61388
